subject,time_ms,status
000,3795,2
001,1164,2
002,1131,2
010,22373,2
011,31885,0
012,29427,0
013,21101,2
014,25087,2
015,31206,0
020,16166,2
021,21278,0
030,20557,2
031,20962,2
032,22197,2
033,75851,0
040,25566,2
041,75755,0
042,63879,0
043,66082,0
044,65930,0
045,48887,0
050,22465,2
051,22192,2
052,22449,2
053,22893,2
054,22506,2
055,23937,2
060,23727,2
061,119273,0
062,119294,0
063,174039,0
064,173096,0
065,174821,0
066,23630,2
067,22682,2
068,57506,0
070,22756,2
071,22712,2
072,23052,2
073,22672,2
075,23067,2
076,23997,2
080,3155,0
081,3219,0
082,3308,0
083,3177,0
084,3206,0
085,3176,0
086,3322,0
090,3145,0
091,1839,2
092,3174,0
093,3106,0
094,3180,0
095,3239,0
100,3257,0
101,3269,0
102,3422,0
103,3358,0
104,3342,0
108,3342,0
109,3322,0
110,4617,0
111,4699,0
113,4617,0
120,21143,2
121,20053,2
122,20715,2
123,23693,2
124,75401,0
125,21247,2
126,23332,2
130,21117,2
133,22948,2
140,24980,2
141,22759,2
142,25702,2
143,26608,2
145,27585,2
150,29903,0
151,28798,0
152,29664,0
153,32361,0
154,30288,0
160,23186,0
161,13123,2
162,22311,0
163,23519,0
164,22825,0
170,35096,0
171,57797,0
172,53100,0
173,57310,0
180,33640,0
181,34363,0
182,27124,0
183,30393,0
190,20384,2
191,61716,0
192,57581,0
194,63000,0
200,41774,0
201,41300,0
202,478117,0
203,41963,0
210,3680,0
211,3683,0
212,3701,0
213,3482,0
214,3725,0
220,6507,0
221,6531,0
222,3881,2
223,6403,0
230,5885,0
231,6241,0
232,5917,0
233,5995,0
240,12529,0
241,12796,0
250,6593,0
251,6656,0
260,4002,0
261,4025,0
262,4073,0
263,4127,0
270,4020,0
271,4342,0
272,4145,0
273,4143,0
280,2481,2
281,3692,0
290,2814,2
291,4444,0
292,4302,0
300,22045,2
301,20817,2
302,22751,2
303,22420,2
311,21005,2
320,34110,0
321,36545,0
322,43127,0
323,42327,0
330,25748,0
331,25449,0
332,31153,0
333,29696,0
340,92421,0
341,8340,2
350,27778,0
351,36385,0
352,32021,0
360,45396,0
362,46286,0
363,22704,2
370,4152,0
371,4106,0
372,131,2
380,5222,0
381,5528,0
390,4059,0
391,4188,0
392,4073,0
400,9191,0
401,13044,0
410,11571,0
411,11950,0
420,4346,0
421,4298,0
422,4546,0
430,30624,0
431,35503,0
432,178,2
440,4454,0
441,4528,0
442,4202,0
450,89610,0
451,90683,0
470,14041,0
471,18261,0
481,11826,2
490,21553,0
500,29597,0
510,6004,0
511,6099,0
520,22559,2
521,22863,2
522,23312,2
523,21315,2
524,22809,2
525,23486,2
526,22837,2
527,22977,2
528,23254,2
530,56005,0
540,56765,0
550,44362,0
551,120186,0
560,23581,2
970_getAddrSpec,25691,2
971_getAddrSpec,25671,2
980_parser,23309,2
990_lsb_check,6991,0
cgidecode,139071,0
